date,state,city,place_type,confirmed,deaths,order_for_place,is_last,estimated_population_2019,estimated_population,city_ibge_code,confirmed_per_100k_inhabitants,death_rate
2022-03-24,MT,Barra do Garças,city,13915,401,599,True,61012,61135,5101803,22761.10248,0.0288
2022-03-23,MT,Barra do Garças,city,13915,401,598,False,61012,61135,5101803,22761.10248,0.0288
2022-03-22,MT,Barra do Garças,city,13914,401,597,False,61012,61135,5101803,22759.46675,0.0288
2022-03-21,MT,Barra do Garças,city,13910,401,596,False,61012,61135,5101803,22752.92386,0.0288
2022-03-20,MT,Barra do Garças,city,13908,401,595,False,61012,61135,5101803,22749.65241,0.0288
2022-03-19,MT,Barra do Garças,city,13907,401,594,False,61012,61135,5101803,22748.01668,0.0288
2022-03-18,MT,Barra do Garças,city,13907,401,593,False,61012,61135,5101803,22748.01668,0.0288
2022-03-17,MT,Barra do Garças,city,13907,401,592,False,61012,61135,5101803,22748.01668,0.0288
2022-03-16,MT,Barra do Garças,city,13904,401,591,False,61012,61135,5101803,22743.10951,0.0288
2022-03-15,MT,Barra do Garças,city,13903,401,590,False,61012,61135,5101803,22741.47379,0.0288
2022-03-14,MT,Barra do Garças,city,13901,401,589,False,61012,61135,5101803,22738.20234,0.0288
2022-03-13,MT,Barra do Garças,city,13893,400,588,False,61012,61135,5101803,22725.11655,0.0288
2022-03-12,MT,Barra do Garças,city,13893,400,587,False,61012,61135,5101803,22725.11655,0.0288
2022-03-11,MT,Barra do Garças,city,13893,400,586,False,61012,61135,5101803,22725.11655,0.0288
2022-03-10,MT,Barra do Garças,city,13882,400,585,False,61012,61135,5101803,22707.12358,0.0288
2022-03-09,MT,Barra do Garças,city,13878,400,584,False,61012,61135,5101803,22700.58068,0.0288
2022-03-08,MT,Barra do Garças,city,13876,400,583,False,61012,61135,5101803,22697.30923,0.0288
2022-03-07,MT,Barra do Garças,city,13866,400,582,False,61012,61135,5101803,22680.95199,0.0288
2022-03-06,MT,Barra do Garças,city,13835,400,581,False,61012,61135,5101803,22630.24454,0.0289
2022-03-05,MT,Barra do Garças,city,13835,400,580,False,61012,61135,5101803,22630.24454,0.0289
2022-03-04,MT,Barra do Garças,city,13834,400,579,False,61012,61135,5101803,22628.60882,0.0289
2022-03-03,MT,Barra do Garças,city,13826,400,578,False,61012,61135,5101803,22615.52302,0.0289
2022-03-02,MT,Barra do Garças,city,13713,400,577,False,61012,61135,5101803,22430.68619,0.0292
2022-03-01,MT,Barra do Garças,city,13662,400,576,False,61012,61135,5101803,22347.26425,0.0293
2022-02-28,MT,Barra do Garças,city,13662,400,575,False,61012,61135,5101803,22347.26425,0.0293
2022-02-27,MT,Barra do Garças,city,13663,399,574,False,61012,61135,5101803,22348.89998,0.0292
2022-02-26,MT,Barra do Garças,city,13663,399,573,False,61012,61135,5101803,22348.89998,0.0292
2022-02-25,MT,Barra do Garças,city,13662,399,572,False,61012,61135,5101803,22347.26425,0.0292
2022-02-24,MT,Barra do Garças,city,13612,399,571,False,61012,61135,5101803,22265.47804,0.0293
2022-02-23,MT,Barra do Garças,city,13560,399,570,False,61012,61135,5101803,22180.42038,0.0294
2022-02-22,MT,Barra do Garças,city,13509,399,569,False,61012,61135,5101803,22096.99845,0.0295
2022-02-20,MT,Barra do Garças,city,13403,396,568,False,61012,61135,5101803,21923.61168,0.0295
2022-02-19,MT,Barra do Garças,city,13403,396,567,False,61012,61135,5101803,21923.61168,0.0295
2022-02-18,MT,Barra do Garças,city,13403,396,566,False,61012,61135,5101803,21923.61168,0.0295
2022-02-17,MT,Barra do Garças,city,13356,396,565,False,61012,61135,5101803,21846.73264,0.0296
2022-02-16,MT,Barra do Garças,city,13281,396,564,False,61012,61135,5101803,21724.05332,0.0298
2022-02-15,MT,Barra do Garças,city,13249,396,563,False,61012,61135,5101803,21671.71015,0.0299
2022-02-14,MT,Barra do Garças,city,13157,396,562,False,61012,61135,5101803,21521.22352,0.0301
2022-02-13,MT,Barra do Garças,city,13009,396,561,False,61012,61135,5101803,21279.13634,0.0304
2022-02-12,MT,Barra do Garças,city,13008,396,560,False,61012,61135,5101803,21277.50061,0.0304
2022-02-11,MT,Barra do Garças,city,13008,396,559,False,61012,61135,5101803,21277.50061,0.0304
2022-02-10,MT,Barra do Garças,city,12921,395,558,False,61012,61135,5101803,21135.19261,0.0306
2022-02-09,MT,Barra do Garças,city,12838,395,557,False,61012,61135,5101803,20999.42750,0.0308
2022-02-08,MT,Barra do Garças,city,12752,395,556,False,61012,61135,5101803,20858.75521,0.0310
2022-02-07,MT,Barra do Garças,city,12577,395,555,False,61012,61135,5101803,20572.50348,0.0314
2022-02-06,MT,Barra do Garças,city,12470,395,554,False,61012,61135,5101803,20397.48098,0.0317
2022-02-05,MT,Barra do Garças,city,12470,394,553,False,61012,61135,5101803,20397.48098,0.0316
2022-02-04,MT,Barra do Garças,city,12465,394,552,False,61012,61135,5101803,20389.30236,0.0316
2022-02-03,MT,Barra do Garças,city,12298,392,551,False,61012,61135,5101803,20116.13642,0.0319
2022-02-02,MT,Barra do Garças,city,12162,392,550,False,61012,61135,5101803,19893.67793,0.0322
2022-02-01,MT,Barra do Garças,city,12014,392,549,False,61012,61135,5101803,19651.59074,0.0326
2022-01-31,MT,Barra do Garças,city,11881,392,548,False,61012,61135,5101803,19434.03942,0.0330
2022-01-30,MT,Barra do Garças,city,11769,391,547,False,61012,61135,5101803,19250.83831,0.0332
2022-01-29,MT,Barra do Garças,city,11769,391,546,False,61012,61135,5101803,19250.83831,0.0332
2022-01-28,MT,Barra do Garças,city,11767,390,545,False,61012,61135,5101803,19247.56686,0.0331
2022-01-27,MT,Barra do Garças,city,11674,390,544,False,61012,61135,5101803,19095.44451,0.0334
2022-01-26,MT,Barra do Garças,city,11548,389,543,False,61012,61135,5101803,18889.34326,0.0337
2022-01-25,MT,Barra do Garças,city,11402,388,542,False,61012,61135,5101803,18650.52752,0.0340
2022-01-24,MT,Barra do Garças,city,11341,388,541,False,61012,61135,5101803,18550.74834,0.0342
2022-01-23,MT,Barra do Garças,city,11243,386,540,False,61012,61135,5101803,18390.44737,0.0343
2022-01-22,MT,Barra do Garças,city,11243,386,539,False,61012,61135,5101803,18390.44737,0.0343
2022-01-21,MT,Barra do Garças,city,11243,386,538,False,61012,61135,5101803,18390.44737,0.0343
2022-01-20,MT,Barra do Garças,city,11187,385,537,False,61012,61135,5101803,18298.84681,0.0344
2022-01-19,MT,Barra do Garças,city,11148,385,536,False,61012,61135,5101803,18235.05357,0.0345
2022-01-18,MT,Barra do Garças,city,11086,385,535,False,61012,61135,5101803,18133.63867,0.0347
2022-01-17,MT,Barra do Garças,city,11016,385,534,False,61012,61135,5101803,18019.13797,0.0349
2022-01-16,MT,Barra do Garças,city,10958,384,533,False,61012,61135,5101803,17924.26597,0.0350
2022-01-15,MT,Barra do Garças,city,10958,384,532,False,61012,61135,5101803,17924.26597,0.0350
2022-01-14,MT,Barra do Garças,city,10957,384,531,False,61012,61135,5101803,17922.63024,0.0350
2022-01-13,MT,Barra do Garças,city,10917,384,530,False,61012,61135,5101803,17857.20128,0.0352
2022-01-12,MT,Barra do Garças,city,10866,384,529,False,61012,61135,5101803,17773.77934,0.0353
2022-01-11,MT,Barra do Garças,city,10826,384,528,False,61012,61135,5101803,17708.35037,0.0355
2022-01-10,MT,Barra do Garças,city,10783,384,527,False,61012,61135,5101803,17638.01423,0.0356
2022-01-09,MT,Barra do Garças,city,10720,384,526,False,61012,61135,5101803,17534.96361,0.0358
2022-01-08,MT,Barra do Garças,city,10720,384,525,False,61012,61135,5101803,17534.96361,0.0358
2022-01-07,MT,Barra do Garças,city,10719,384,524,False,61012,61135,5101803,17533.32788,0.0358
2022-01-06,MT,Barra do Garças,city,10691,384,523,False,61012,61135,5101803,17487.52760,0.0359
2022-01-05,MT,Barra do Garças,city,10669,384,522,False,61012,61135,5101803,17451.54167,0.0360
2022-01-04,MT,Barra do Garças,city,10650,384,521,False,61012,61135,5101803,17420.46291,0.0361
2022-01-03,MT,Barra do Garças,city,10643,384,520,False,61012,61135,5101803,17409.01284,0.0361
2022-01-02,MT,Barra do Garças,city,10631,384,519,False,61012,61135,5101803,17389.38415,0.0361
2022-01-01,MT,Barra do Garças,city,10630,384,518,False,61012,61135,5101803,17387.74843,0.0361
2021-12-31,MT,Barra do Garças,city,10630,384,517,False,61012,61135,5101803,17387.74843,0.0361
2021-12-30,MT,Barra do Garças,city,10630,384,516,False,61012,61135,5101803,17387.74843,0.0361
2021-12-29,MT,Barra do Garças,city,10629,384,515,False,61012,61135,5101803,17386.11270,0.0361
2021-12-28,MT,Barra do Garças,city,10628,384,514,False,61012,61135,5101803,17384.47698,0.0361
2021-12-27,MT,Barra do Garças,city,10628,384,513,False,61012,61135,5101803,17384.47698,0.0361
2021-12-26,MT,Barra do Garças,city,10628,384,512,False,61012,61135,5101803,17384.47698,0.0361
2021-12-25,MT,Barra do Garças,city,10628,383,511,False,61012,61135,5101803,17384.47698,0.0360
2021-12-24,MT,Barra do Garças,city,10628,383,510,False,61012,61135,5101803,17384.47698,0.0360
2021-12-23,MT,Barra do Garças,city,10628,383,509,False,61012,61135,5101803,17384.47698,0.0360
2021-12-22,MT,Barra do Garças,city,10624,383,508,False,61012,61135,5101803,17377.93408,0.0361
2021-12-21,MT,Barra do Garças,city,10622,383,507,False,61012,61135,5101803,17374.66263,0.0361
2021-12-20,MT,Barra do Garças,city,10622,383,506,False,61012,61135,5101803,17374.66263,0.0361
2021-12-19,MT,Barra do Garças,city,10622,383,505,False,61012,61135,5101803,17374.66263,0.0361
2021-12-18,MT,Barra do Garças,city,10622,383,504,False,61012,61135,5101803,17374.66263,0.0361
2021-12-17,MT,Barra do Garças,city,10622,383,503,False,61012,61135,5101803,17374.66263,0.0361
2021-12-16,MT,Barra do Garças,city,10622,383,502,False,61012,61135,5101803,17374.66263,0.0361
2021-12-15,MT,Barra do Garças,city,10622,383,501,False,61012,61135,5101803,17374.66263,0.0361
2021-12-14,MT,Barra do Garças,city,10621,383,500,False,61012,61135,5101803,17373.02691,0.0361
2021-12-13,MT,Barra do Garças,city,10620,383,499,False,61012,61135,5101803,17371.39118,0.0361
2021-12-12,MT,Barra do Garças,city,10620,383,498,False,61012,61135,5101803,17371.39118,0.0361
2021-12-11,MT,Barra do Garças,city,10620,383,497,False,61012,61135,5101803,17371.39118,0.0361
2021-12-10,MT,Barra do Garças,city,10620,383,496,False,61012,61135,5101803,17371.39118,0.0361
2021-12-09,MT,Barra do Garças,city,10620,383,495,False,61012,61135,5101803,17371.39118,0.0361
2021-12-08,MT,Barra do Garças,city,10620,383,494,False,61012,61135,5101803,17371.39118,0.0361
2021-12-07,MT,Barra do Garças,city,10620,383,493,False,61012,61135,5101803,17371.39118,0.0361
2021-12-06,MT,Barra do Garças,city,10619,383,492,False,61012,61135,5101803,17369.75546,0.0361
2021-12-05,MT,Barra do Garças,city,10618,383,491,False,61012,61135,5101803,17368.11974,0.0361
2021-12-04,MT,Barra do Garças,city,10618,383,490,False,61012,61135,5101803,17368.11974,0.0361
2021-12-03,MT,Barra do Garças,city,10618,383,489,False,61012,61135,5101803,17368.11974,0.0361
2021-12-02,MT,Barra do Garças,city,10618,383,488,False,61012,61135,5101803,17368.11974,0.0361
2021-12-01,MT,Barra do Garças,city,10617,383,487,False,61012,61135,5101803,17366.48401,0.0361
2021-11-30,MT,Barra do Garças,city,10612,383,486,False,61012,61135,5101803,17358.30539,0.0361
2021-11-29,MT,Barra do Garças,city,10612,383,485,False,61012,61135,5101803,17358.30539,0.0361
2021-11-28,MT,Barra do Garças,city,10611,383,484,False,61012,61135,5101803,17356.66967,0.0361
2021-11-27,MT,Barra do Garças,city,10611,383,483,False,61012,61135,5101803,17356.66967,0.0361
2021-11-26,MT,Barra do Garças,city,10611,383,482,False,61012,61135,5101803,17356.66967,0.0361
2021-11-25,MT,Barra do Garças,city,10611,383,481,False,61012,61135,5101803,17356.66967,0.0361
2021-11-24,MT,Barra do Garças,city,10610,383,480,False,61012,61135,5101803,17355.03394,0.0361
2021-11-23,MT,Barra do Garças,city,10610,383,479,False,61012,61135,5101803,17355.03394,0.0361
2021-11-21,MT,Barra do Garças,city,10605,383,478,False,61012,61135,5101803,17346.85532,0.0361
2021-11-20,MT,Barra do Garças,city,10605,383,477,False,61012,61135,5101803,17346.85532,0.0361
2021-11-19,MT,Barra do Garças,city,10605,383,476,False,61012,61135,5101803,17346.85532,0.0361
2021-11-18,MT,Barra do Garças,city,10600,383,475,False,61012,61135,5101803,17338.67670,0.0361
2021-11-17,MT,Barra do Garças,city,10596,383,474,False,61012,61135,5101803,17332.13380,0.0361
2021-11-16,MT,Barra do Garças,city,10596,383,473,False,61012,61135,5101803,17332.13380,0.0361
2021-11-15,MT,Barra do Garças,city,10595,383,472,False,61012,61135,5101803,17330.49808,0.0361
2021-11-14,MT,Barra do Garças,city,10595,383,471,False,61012,61135,5101803,17330.49808,0.0361
2021-11-13,MT,Barra do Garças,city,10595,383,470,False,61012,61135,5101803,17330.49808,0.0361
2021-11-12,MT,Barra do Garças,city,10595,382,469,False,61012,61135,5101803,17330.49808,0.0361
2021-11-11,MT,Barra do Garças,city,10595,382,468,False,61012,61135,5101803,17330.49808,0.0361
2021-11-10,MT,Barra do Garças,city,10595,382,467,False,61012,61135,5101803,17330.49808,0.0361
2021-11-09,MT,Barra do Garças,city,10595,382,466,False,61012,61135,5101803,17330.49808,0.0361
2021-11-08,MT,Barra do Garças,city,10595,382,465,False,61012,61135,5101803,17330.49808,0.0361
2021-11-07,MT,Barra do Garças,city,10595,382,464,False,61012,61135,5101803,17330.49808,0.0361
2021-11-06,MT,Barra do Garças,city,10595,382,463,False,61012,61135,5101803,17330.49808,0.0361
2021-11-05,MT,Barra do Garças,city,10595,382,462,False,61012,61135,5101803,17330.49808,0.0361
2021-11-04,MT,Barra do Garças,city,10595,382,461,False,61012,61135,5101803,17330.49808,0.0361
2021-11-03,MT,Barra do Garças,city,10594,382,460,False,61012,61135,5101803,17328.86235,0.0361
2021-11-02,MT,Barra do Garças,city,10588,382,459,False,61012,61135,5101803,17319.04801,0.0361
2021-11-01,MT,Barra do Garças,city,10588,382,458,False,61012,61135,5101803,17319.04801,0.0361
2021-10-31,MT,Barra do Garças,city,10588,382,457,False,61012,61135,5101803,17319.04801,0.0361
2021-10-30,MT,Barra do Garças,city,10588,382,456,False,61012,61135,5101803,17319.04801,0.0361
2021-10-29,MT,Barra do Garças,city,10588,382,455,False,61012,61135,5101803,17319.04801,0.0361
2021-10-28,MT,Barra do Garças,city,10588,382,454,False,61012,61135,5101803,17319.04801,0.0361
2021-10-27,MT,Barra do Garças,city,10587,382,453,False,61012,61135,5101803,17317.41228,0.0361
2021-10-26,MT,Barra do Garças,city,10587,382,452,False,61012,61135,5101803,17317.41228,0.0361
2021-10-25,MT,Barra do Garças,city,10586,382,451,False,61012,61135,5101803,17315.77656,0.0361
2021-10-24,MT,Barra do Garças,city,10582,382,450,False,61012,61135,5101803,17309.23366,0.0361
2021-10-23,MT,Barra do Garças,city,10581,382,449,False,61012,61135,5101803,17307.59794,0.0361
2021-10-22,MT,Barra do Garças,city,10581,382,448,False,61012,61135,5101803,17307.59794,0.0361
2021-10-21,MT,Barra do Garças,city,10580,382,447,False,61012,61135,5101803,17305.96221,0.0361
2021-10-20,MT,Barra do Garças,city,10579,382,446,False,61012,61135,5101803,17304.32649,0.0361
2021-10-19,MT,Barra do Garças,city,10579,382,445,False,61012,61135,5101803,17304.32649,0.0361
2021-10-18,MT,Barra do Garças,city,10578,382,444,False,61012,61135,5101803,17302.69077,0.0361
2021-10-17,MT,Barra do Garças,city,10576,382,443,False,61012,61135,5101803,17299.41932,0.0361
2021-10-16,MT,Barra do Garças,city,10576,382,442,False,61012,61135,5101803,17299.41932,0.0361
2021-10-15,MT,Barra do Garças,city,10575,382,441,False,61012,61135,5101803,17297.78359,0.0361
2021-10-14,MT,Barra do Garças,city,10574,382,440,False,61012,61135,5101803,17296.14787,0.0361
2021-10-13,MT,Barra do Garças,city,10574,382,439,False,61012,61135,5101803,17296.14787,0.0361
2021-10-12,MT,Barra do Garças,city,10573,382,438,False,61012,61135,5101803,17294.51215,0.0361
2021-10-11,MT,Barra do Garças,city,10573,382,437,False,61012,61135,5101803,17294.51215,0.0361
2021-10-10,MT,Barra do Garças,city,10573,382,436,False,61012,61135,5101803,17294.51215,0.0361
2021-10-09,MT,Barra do Garças,city,10573,381,435,False,61012,61135,5101803,17294.51215,0.0360
2021-10-08,MT,Barra do Garças,city,10573,381,434,False,61012,61135,5101803,17294.51215,0.0360
2021-10-07,MT,Barra do Garças,city,10571,381,433,False,61012,61135,5101803,17291.24070,0.0360
2021-10-06,MT,Barra do Garças,city,10570,381,432,False,61012,61135,5101803,17289.60497,0.0360
2021-10-05,MT,Barra do Garças,city,10569,381,431,False,61012,61135,5101803,17287.96925,0.0360
2021-10-04,MT,Barra do Garças,city,10567,381,430,False,61012,61135,5101803,17284.69780,0.0361
2021-10-03,MT,Barra do Garças,city,10564,381,429,False,61012,61135,5101803,17279.79063,0.0361
2021-10-02,MT,Barra do Garças,city,10564,381,428,False,61012,61135,5101803,17279.79063,0.0361
2021-10-01,MT,Barra do Garças,city,10564,381,427,False,61012,61135,5101803,17279.79063,0.0361
2021-09-30,MT,Barra do Garças,city,10563,381,426,False,61012,61135,5101803,17278.15490,0.0361
2021-09-29,MT,Barra do Garças,city,10561,381,425,False,61012,61135,5101803,17274.88345,0.0361
2021-09-28,MT,Barra do Garças,city,10561,381,424,False,61012,61135,5101803,17274.88345,0.0361
2021-09-27,MT,Barra do Garças,city,10560,380,423,False,61012,61135,5101803,17273.24773,0.0360
2021-09-26,MT,Barra do Garças,city,10552,380,422,False,61012,61135,5101803,17260.16194,0.0360
2021-09-25,MT,Barra do Garças,city,10552,380,421,False,61012,61135,5101803,17260.16194,0.0360
2021-09-24,MT,Barra do Garças,city,10552,380,420,False,61012,61135,5101803,17260.16194,0.0360
2021-09-23,MT,Barra do Garças,city,10550,380,419,False,61012,61135,5101803,17256.89049,0.0360
2021-09-22,MT,Barra do Garças,city,10549,380,418,False,61012,61135,5101803,17255.25476,0.0360
2021-09-21,MT,Barra do Garças,city,10545,380,417,False,61012,61135,5101803,17248.71187,0.0360
2021-09-20,MT,Barra do Garças,city,10544,380,416,False,61012,61135,5101803,17247.07614,0.0360
2021-09-19,MT,Barra do Garças,city,10539,380,415,False,61012,61135,5101803,17238.89752,0.0361
2021-09-18,MT,Barra do Garças,city,10538,380,414,False,61012,61135,5101803,17237.26180,0.0361
2021-09-17,MT,Barra do Garças,city,10537,380,413,False,61012,61135,5101803,17235.62607,0.0361
2021-09-16,MT,Barra do Garças,city,10532,380,412,False,61012,61135,5101803,17227.44745,0.0361
2021-09-15,MT,Barra do Garças,city,10531,378,411,False,61012,61135,5101803,17225.81173,0.0359
2021-09-14,MT,Barra do Garças,city,10531,377,410,False,61012,61135,5101803,17225.81173,0.0358
2021-09-13,MT,Barra do Garças,city,10529,377,409,False,61012,61135,5101803,17222.54028,0.0358
2021-09-12,MT,Barra do Garças,city,10521,376,408,False,61012,61135,5101803,17209.45449,0.0357
2021-09-11,MT,Barra do Garças,city,10521,376,407,False,61012,61135,5101803,17209.45449,0.0357
2021-09-10,MT,Barra do Garças,city,10521,375,406,False,61012,61135,5101803,17209.45449,0.0356
2021-09-09,MT,Barra do Garças,city,10521,375,405,False,61012,61135,5101803,17209.45449,0.0356
2021-09-08,MT,Barra do Garças,city,10520,375,404,False,61012,61135,5101803,17207.81876,0.0356
2021-09-07,MT,Barra do Garças,city,10514,372,403,False,61012,61135,5101803,17198.00442,0.0354
2021-09-06,MT,Barra do Garças,city,10513,371,402,False,61012,61135,5101803,17196.36869,0.0353
2021-09-05,MT,Barra do Garças,city,10513,371,401,False,61012,61135,5101803,17196.36869,0.0353
2021-09-04,MT,Barra do Garças,city,10511,371,400,False,61012,61135,5101803,17193.09724,0.0353
2021-09-03,MT,Barra do Garças,city,10511,371,399,False,61012,61135,5101803,17193.09724,0.0353
2021-09-02,MT,Barra do Garças,city,10506,371,398,False,61012,61135,5101803,17184.91862,0.0353
2021-09-01,MT,Barra do Garças,city,10504,370,397,False,61012,61135,5101803,17181.64717,0.0352
2021-08-31,MT,Barra do Garças,city,10504,369,396,False,61012,61135,5101803,17181.64717,0.0351
2021-08-30,MT,Barra do Garças,city,10495,368,395,False,61012,61135,5101803,17166.92566,0.0351
2021-08-29,MT,Barra do Garças,city,10491,365,394,False,61012,61135,5101803,17160.38276,0.0348
2021-08-28,MT,Barra do Garças,city,10490,365,393,False,61012,61135,5101803,17158.74704,0.0348
2021-08-27,MT,Barra do Garças,city,10490,365,392,False,61012,61135,5101803,17158.74704,0.0348
2021-08-26,MT,Barra do Garças,city,10480,365,391,False,61012,61135,5101803,17142.38979,0.0348
2021-08-25,MT,Barra do Garças,city,10476,364,390,False,61012,61135,5101803,17135.84690,0.0347
2021-08-24,MT,Barra do Garças,city,10466,364,389,False,61012,61135,5101803,17119.48965,0.0348
2021-08-23,MT,Barra do Garças,city,10455,362,388,False,61012,61135,5101803,17101.49669,0.0346
2021-08-22,MT,Barra do Garças,city,10449,361,387,False,61012,61135,5101803,17091.68234,0.0345
2021-08-21,MT,Barra do Garças,city,10449,359,386,False,61012,61135,5101803,17091.68234,0.0344
2021-08-20,MT,Barra do Garças,city,10448,358,385,False,61012,61135,5101803,17090.04662,0.0343
2021-08-19,MT,Barra do Garças,city,10423,358,384,False,61012,61135,5101803,17049.15351,0.0343
2021-08-18,MT,Barra do Garças,city,10404,357,383,False,61012,61135,5101803,17018.07475,0.0343
2021-08-17,MT,Barra do Garças,city,10396,357,382,False,61012,61135,5101803,17004.98896,0.0343
2021-08-16,MT,Barra do Garças,city,10375,357,381,False,61012,61135,5101803,16970.63875,0.0344
2021-08-15,MT,Barra do Garças,city,10350,353,380,False,61012,61135,5101803,16929.74564,0.0341
2021-08-14,MT,Barra do Garças,city,10348,353,379,False,61012,61135,5101803,16926.47420,0.0341
2021-08-13,MT,Barra do Garças,city,10346,352,378,False,61012,61135,5101803,16923.20275,0.0340
2021-08-12,MT,Barra do Garças,city,10319,352,377,False,61012,61135,5101803,16879.03819,0.0341
2021-08-11,MT,Barra do Garças,city,10299,348,376,False,61012,61135,5101803,16846.32371,0.0338
2021-08-10,MT,Barra do Garças,city,10243,348,375,False,61012,61135,5101803,16754.72315,0.0340
2021-08-09,MT,Barra do Garças,city,10232,348,374,False,61012,61135,5101803,16736.73019,0.0340
2021-08-08,MT,Barra do Garças,city,10179,344,373,False,61012,61135,5101803,16650.03680,0.0338
2021-08-07,MT,Barra do Garças,city,10177,344,372,False,61012,61135,5101803,16646.76536,0.0338
2021-08-06,MT,Barra do Garças,city,10176,343,371,False,61012,61135,5101803,16645.12963,0.0337
2021-08-05,MT,Barra do Garças,city,10145,341,370,False,61012,61135,5101803,16594.42218,0.0336
2021-08-04,MT,Barra do Garças,city,10075,340,369,False,61012,61135,5101803,16479.92149,0.0337
2021-08-03,MT,Barra do Garças,city,10054,339,368,False,61012,61135,5101803,16445.57128,0.0337
2021-08-02,MT,Barra do Garças,city,10026,338,367,False,61012,61135,5101803,16399.77100,0.0337
2021-08-01,MT,Barra do Garças,city,9978,337,366,False,61012,61135,5101803,16321.25624,0.0338
2021-07-31,MT,Barra do Garças,city,9976,335,365,False,61012,61135,5101803,16317.98479,0.0336
2021-07-30,MT,Barra do Garças,city,9975,335,364,False,61012,61135,5101803,16316.34906,0.0336
2021-07-29,MT,Barra do Garças,city,9949,333,363,False,61012,61135,5101803,16273.82023,0.0335
2021-07-28,MT,Barra do Garças,city,9876,331,362,False,61012,61135,5101803,16154.41237,0.0335
2021-07-27,MT,Barra do Garças,city,9791,331,361,False,61012,61135,5101803,16015.37581,0.0338
2021-07-26,MT,Barra do Garças,city,9718,329,360,False,61012,61135,5101803,15895.96794,0.0339
2021-07-25,MT,Barra do Garças,city,9656,326,359,False,61012,61135,5101803,15794.55304,0.0338
2021-07-24,MT,Barra do Garças,city,9652,325,358,False,61012,61135,5101803,15788.01014,0.0337
2021-07-23,MT,Barra do Garças,city,9649,323,357,False,61012,61135,5101803,15783.10297,0.0335
2021-07-22,MT,Barra do Garças,city,9526,321,356,False,61012,61135,5101803,15581.90889,0.0337
2021-07-21,MT,Barra do Garças,city,9390,319,355,False,61012,61135,5101803,15359.45040,0.0340
2021-07-20,MT,Barra do Garças,city,9300,318,354,False,61012,61135,5101803,15212.23522,0.0342
2021-07-19,MT,Barra do Garças,city,9216,318,353,False,61012,61135,5101803,15074.83438,0.0345
2021-07-18,MT,Barra do Garças,city,9203,318,352,False,61012,61135,5101803,15053.56997,0.0346
2021-07-17,MT,Barra do Garças,city,9201,317,351,False,61012,61135,5101803,15050.29852,0.0345
2021-07-16,MT,Barra do Garças,city,9197,316,350,False,61012,61135,5101803,15043.75562,0.0344
2021-07-15,MT,Barra do Garças,city,9165,315,349,False,61012,61135,5101803,14991.41245,0.0344
2021-07-14,MT,Barra do Garças,city,9124,314,348,False,61012,61135,5101803,14924.34775,0.0344
2021-07-13,MT,Barra do Garças,city,9045,314,347,False,61012,61135,5101803,14795.12554,0.0347
2021-07-12,MT,Barra do Garças,city,8969,313,346,False,61012,61135,5101803,14670.81050,0.0349
2021-07-11,MT,Barra do Garças,city,8876,306,345,False,61012,61135,5101803,14518.68815,0.0345
2021-07-10,MT,Barra do Garças,city,8876,306,344,False,61012,61135,5101803,14518.68815,0.0345
2021-07-09,MT,Barra do Garças,city,8875,306,343,False,61012,61135,5101803,14517.05242,0.0345
2021-07-08,MT,Barra do Garças,city,8813,305,342,False,61012,61135,5101803,14415.63752,0.0346
2021-07-07,MT,Barra do Garças,city,8782,305,341,False,61012,61135,5101803,14364.93007,0.0347
2021-07-06,MT,Barra do Garças,city,8688,302,340,False,61012,61135,5101803,14211.17200,0.0348
2021-07-05,MT,Barra do Garças,city,8611,302,339,False,61012,61135,5101803,14085.22123,0.0351
2021-07-04,MT,Barra do Garças,city,8562,300,338,False,61012,61135,5101803,14005.07075,0.0350
2021-07-03,MT,Barra do Garças,city,8559,298,337,False,61012,61135,5101803,14000.16357,0.0348
2021-07-02,MT,Barra do Garças,city,8559,298,336,False,61012,61135,5101803,14000.16357,0.0348
2021-07-01,MT,Barra do Garças,city,8436,296,335,False,61012,61135,5101803,13798.96949,0.0351
2021-06-30,MT,Barra do Garças,city,8345,295,334,False,61012,61135,5101803,13650.11859,0.0354
2021-06-29,MT,Barra do Garças,city,8256,293,333,False,61012,61135,5101803,13504.53913,0.0355
2021-06-28,MT,Barra do Garças,city,8181,292,332,False,61012,61135,5101803,13381.85982,0.0357
2021-06-27,MT,Barra do Garças,city,8116,290,331,False,61012,61135,5101803,13275.53774,0.0357
2021-06-26,MT,Barra do Garças,city,8111,289,330,False,61012,61135,5101803,13267.35912,0.0356
2021-06-25,MT,Barra do Garças,city,8109,288,329,False,61012,61135,5101803,13264.08767,0.0355
2021-06-24,MT,Barra do Garças,city,8062,287,328,False,61012,61135,5101803,13187.20864,0.0356
2021-06-23,MT,Barra do Garças,city,8032,286,327,False,61012,61135,5101803,13138.13691,0.0356
2021-06-22,MT,Barra do Garças,city,8006,282,326,False,61012,61135,5101803,13095.60808,0.0352
2021-06-21,MT,Barra do Garças,city,7949,282,325,False,61012,61135,5101803,13002.37180,0.0355
2021-06-20,MT,Barra do Garças,city,7894,279,324,False,61012,61135,5101803,12912.40697,0.0353
2021-06-19,MT,Barra do Garças,city,7892,278,323,False,61012,61135,5101803,12909.13552,0.0352
2021-06-18,MT,Barra do Garças,city,7884,274,322,False,61012,61135,5101803,12896.04973,0.0348
2021-06-17,MT,Barra do Garças,city,7847,274,321,False,61012,61135,5101803,12835.52793,0.0349
2021-06-16,MT,Barra do Garças,city,7801,273,320,False,61012,61135,5101803,12760.28462,0.0350
2021-06-15,MT,Barra do Garças,city,7718,271,319,False,61012,61135,5101803,12624.51951,0.0351
2021-06-14,MT,Barra do Garças,city,7689,271,318,False,61012,61135,5101803,12577.08350,0.0352
2021-06-13,MT,Barra do Garças,city,7661,269,317,False,61012,61135,5101803,12531.28323,0.0351
2021-06-12,MT,Barra do Garças,city,7651,266,316,False,61012,61135,5101803,12514.92598,0.0348
2021-06-11,MT,Barra do Garças,city,7646,266,315,False,61012,61135,5101803,12506.74736,0.0348
2021-06-10,MT,Barra do Garças,city,7593,261,314,False,61012,61135,5101803,12420.05398,0.0344
2021-06-09,MT,Barra do Garças,city,7509,261,313,False,61012,61135,5101803,12282.65314,0.0348
2021-06-08,MT,Barra do Garças,city,7486,259,312,False,61012,61135,5101803,12245.03149,0.0346
2021-06-07,MT,Barra do Garças,city,7406,258,311,False,61012,61135,5101803,12114.17355,0.0348
2021-06-06,MT,Barra do Garças,city,7273,256,310,False,61012,61135,5101803,11896.62223,0.0352
2021-06-05,MT,Barra do Garças,city,7272,256,309,False,61012,61135,5101803,11894.98651,0.0352
2021-06-04,MT,Barra do Garças,city,7269,252,308,False,61012,61135,5101803,11890.07933,0.0347
2021-06-03,MT,Barra do Garças,city,7267,251,307,False,61012,61135,5101803,11886.80788,0.0345
2021-06-02,MT,Barra do Garças,city,7255,249,306,False,61012,61135,5101803,11867.17919,0.0343
2021-06-01,MT,Barra do Garças,city,7168,247,305,False,61012,61135,5101803,11724.87119,0.0345
2021-05-31,MT,Barra do Garças,city,7109,246,304,False,61012,61135,5101803,11628.36346,0.0346
2021-05-30,MT,Barra do Garças,city,7034,246,303,False,61012,61135,5101803,11505.68414,0.0350
2021-05-29,MT,Barra do Garças,city,7032,245,302,False,61012,61135,5101803,11502.41269,0.0348
2021-05-28,MT,Barra do Garças,city,7031,244,301,False,61012,61135,5101803,11500.77697,0.0347
2021-05-27,MT,Barra do Garças,city,6972,244,300,False,61012,61135,5101803,11404.26924,0.0350
2021-05-26,MT,Barra do Garças,city,6892,239,299,False,61012,61135,5101803,11273.41130,0.0347
2021-05-25,MT,Barra do Garças,city,6835,239,298,False,61012,61135,5101803,11180.17502,0.0350
2021-05-24,MT,Barra do Garças,city,6786,235,297,False,61012,61135,5101803,11100.02454,0.0346
2021-05-23,MT,Barra do Garças,city,6713,233,296,False,61012,61135,5101803,10980.61667,0.0347
2021-05-22,MT,Barra do Garças,city,6713,232,295,False,61012,61135,5101803,10980.61667,0.0346
2021-05-21,MT,Barra do Garças,city,6706,232,294,False,61012,61135,5101803,10969.16660,0.0346
2021-05-20,MT,Barra do Garças,city,6676,232,293,False,61012,61135,5101803,10920.09487,0.0348
2021-05-19,MT,Barra do Garças,city,6625,231,292,False,61012,61135,5101803,10836.67294,0.0349
2021-05-18,MT,Barra do Garças,city,6571,230,291,False,61012,61135,5101803,10748.34383,0.0350
2021-05-17,MT,Barra do Garças,city,6536,227,290,False,61012,61135,5101803,10691.09348,0.0347
2021-05-16,MT,Barra do Garças,city,6495,227,289,False,61012,61135,5101803,10624.02879,0.0349
2021-05-15,MT,Barra do Garças,city,6491,227,288,False,61012,61135,5101803,10617.48589,0.0350
2021-05-14,MT,Barra do Garças,city,6490,227,287,False,61012,61135,5101803,10615.85017,0.0350
2021-05-13,MT,Barra do Garças,city,6474,227,286,False,61012,61135,5101803,10589.67858,0.0351
2021-05-12,MT,Barra do Garças,city,6463,226,285,False,61012,61135,5101803,10571.68561,0.0350
2021-05-11,MT,Barra do Garças,city,6428,229,284,False,61012,61135,5101803,10514.43527,0.0356
2021-05-10,MT,Barra do Garças,city,6395,229,283,False,61012,61135,5101803,10460.45637,0.0358
2021-05-09,MT,Barra do Garças,city,6376,227,282,False,61012,61135,5101803,10429.37761,0.0356
2021-05-08,MT,Barra do Garças,city,6375,227,281,False,61012,61135,5101803,10427.74188,0.0356
2021-05-07,MT,Barra do Garças,city,6369,227,280,False,61012,61135,5101803,10417.92754,0.0356
2021-05-06,MT,Barra do Garças,city,6322,227,279,False,61012,61135,5101803,10341.04850,0.0359
2021-05-05,MT,Barra do Garças,city,6309,226,278,False,61012,61135,5101803,10319.78408,0.0358
2021-05-04,MT,Barra do Garças,city,6281,225,277,False,61012,61135,5101803,10273.98381,0.0358
2021-05-03,MT,Barra do Garças,city,6241,225,276,False,61012,61135,5101803,10208.55484,0.0361
2021-05-02,MT,Barra do Garças,city,6206,222,275,False,61012,61135,5101803,10151.30449,0.0358
2021-05-01,MT,Barra do Garças,city,6202,222,274,False,61012,61135,5101803,10144.76159,0.0358
2021-04-30,MT,Barra do Garças,city,6202,222,273,False,61012,61135,5101803,10144.76159,0.0358
2021-04-29,MT,Barra do Garças,city,6196,221,272,False,61012,61135,5101803,10134.94725,0.0357
2021-04-28,MT,Barra do Garças,city,6158,220,271,False,61012,61135,5101803,10072.78973,0.0357
2021-04-27,MT,Barra do Garças,city,6120,218,270,False,61012,61135,5101803,10010.63221,0.0356
2021-04-26,MT,Barra do Garças,city,6100,218,269,False,61012,61135,5101803,9977.91772,0.0357
2021-04-25,MT,Barra do Garças,city,6045,215,268,False,61012,61135,5101803,9887.95289,0.0356
2021-04-24,MT,Barra do Garças,city,6044,214,267,False,61012,61135,5101803,9886.31717,0.0354
2021-04-23,MT,Barra do Garças,city,6039,213,266,False,61012,61135,5101803,9878.13855,0.0353
2021-04-22,MT,Barra do Garças,city,6026,213,265,False,61012,61135,5101803,9856.87413,0.0353
2021-04-21,MT,Barra do Garças,city,6017,211,264,False,61012,61135,5101803,9842.15261,0.0351
2021-04-20,MT,Barra do Garças,city,6009,210,263,False,61012,61135,5101803,9829.06682,0.0349
2021-04-19,MT,Barra do Garças,city,5960,209,262,False,61012,61135,5101803,9748.91633,0.0351
2021-04-18,MT,Barra do Garças,city,5937,208,261,False,61012,61135,5101803,9711.29468,0.0350
2021-04-17,MT,Barra do Garças,city,5929,207,260,False,61012,61135,5101803,9698.20888,0.0349
2021-04-16,MT,Barra do Garças,city,5928,206,259,False,61012,61135,5101803,9696.57316,0.0348
2021-04-15,MT,Barra do Garças,city,5901,206,258,False,61012,61135,5101803,9652.40860,0.0349
2021-04-14,MT,Barra do Garças,city,5850,205,257,False,61012,61135,5101803,9568.98667,0.0350
2021-04-13,MT,Barra do Garças,city,5841,205,256,False,61012,61135,5101803,9554.26515,0.0351
2021-04-12,MT,Barra do Garças,city,5808,205,255,False,61012,61135,5101803,9500.28625,0.0353
2021-04-11,MT,Barra do Garças,city,5746,200,254,False,61012,61135,5101803,9398.87135,0.0348
2021-04-10,MT,Barra do Garças,city,5744,200,253,False,61012,61135,5101803,9395.59990,0.0348
2021-04-09,MT,Barra do Garças,city,5743,199,252,False,61012,61135,5101803,9393.96418,0.0347
2021-04-08,MT,Barra do Garças,city,5737,198,251,False,61012,61135,5101803,9384.14983,0.0345
2021-04-07,MT,Barra do Garças,city,5730,196,250,False,61012,61135,5101803,9372.69976,0.0342
2021-04-06,MT,Barra do Garças,city,5667,195,249,False,61012,61135,5101803,9269.64914,0.0344
2021-04-05,MT,Barra do Garças,city,5652,193,248,False,61012,61135,5101803,9245.11327,0.0341
2021-04-04,MT,Barra do Garças,city,5598,191,247,False,61012,61135,5101803,9156.78417,0.0341
2021-04-03,MT,Barra do Garças,city,5589,189,246,False,61012,61135,5101803,9142.06265,0.0338
2021-04-02,MT,Barra do Garças,city,5587,189,245,False,61012,61135,5101803,9138.79120,0.0338
2021-04-01,MT,Barra do Garças,city,5586,189,244,False,61012,61135,5101803,9137.15548,0.0338
2021-03-31,MT,Barra do Garças,city,5535,188,243,False,61012,61135,5101803,9053.73354,0.0340
2021-03-30,MT,Barra do Garças,city,5506,187,242,False,61012,61135,5101803,9006.29754,0.0340
2021-03-29,MT,Barra do Garças,city,5473,185,241,False,61012,61135,5101803,8952.31864,0.0338
2021-03-28,MT,Barra do Garças,city,5460,185,240,False,61012,61135,5101803,8931.05422,0.0339
2021-03-27,MT,Barra do Garças,city,5459,184,239,False,61012,61135,5101803,8929.41850,0.0337
2021-03-26,MT,Barra do Garças,city,5455,184,238,False,61012,61135,5101803,8922.87560,0.0337
2021-03-25,MT,Barra do Garças,city,5427,183,237,False,61012,61135,5101803,8877.07533,0.0337
2021-03-24,MT,Barra do Garças,city,5390,183,236,False,61012,61135,5101803,8816.55353,0.0340
2021-03-23,MT,Barra do Garças,city,5373,182,235,False,61012,61135,5101803,8788.74622,0.0339
2021-03-22,MT,Barra do Garças,city,5343,182,234,False,61012,61135,5101803,8739.67449,0.0341
2021-03-21,MT,Barra do Garças,city,5276,178,233,False,61012,61135,5101803,8630.08097,0.0337
2021-03-20,MT,Barra do Garças,city,5275,177,232,False,61012,61135,5101803,8628.44524,0.0336
2021-03-18,MT,Barra do Garças,city,5257,175,231,False,61012,61135,5101803,8599.00221,0.0333
2021-03-17,MT,Barra do Garças,city,5235,175,230,False,61012,61135,5101803,8563.01628,0.0334
2021-03-16,MT,Barra do Garças,city,5225,174,229,False,61012,61135,5101803,8546.65903,0.0333
2021-03-15,MT,Barra do Garças,city,5174,173,228,False,61012,61135,5101803,8463.23710,0.0334
2021-03-14,MT,Barra do Garças,city,5158,173,227,False,61012,61135,5101803,8437.06551,0.0335
2021-03-13,MT,Barra do Garças,city,5156,172,226,False,61012,61135,5101803,8433.79406,0.0334
2021-03-12,MT,Barra do Garças,city,5149,171,225,False,61012,61135,5101803,8422.34399,0.0332
2021-03-11,MT,Barra do Garças,city,5086,170,224,False,61012,61135,5101803,8319.29337,0.0334
2021-03-10,MT,Barra do Garças,city,5070,168,223,False,61012,61135,5101803,8293.12178,0.0331
2021-03-09,MT,Barra do Garças,city,5054,167,222,False,61012,61135,5101803,8266.95019,0.0330
2021-03-08,MT,Barra do Garças,city,5043,167,221,False,61012,61135,5101803,8248.95723,0.0331
2021-03-07,MT,Barra do Garças,city,5001,166,220,False,61012,61135,5101803,8180.25681,0.0332
2021-03-06,MT,Barra do Garças,city,5000,166,219,False,61012,61135,5101803,8178.62108,0.0332
2021-03-05,MT,Barra do Garças,city,5000,165,218,False,61012,61135,5101803,8178.62108,0.0330
2021-03-04,MT,Barra do Garças,city,4941,165,217,False,61012,61135,5101803,8082.11336,0.0334
2021-03-03,MT,Barra do Garças,city,4925,164,216,False,61012,61135,5101803,8055.94177,0.0333
2021-03-02,MT,Barra do Garças,city,4902,163,215,False,61012,61135,5101803,8018.32011,0.0333
2021-03-01,MT,Barra do Garças,city,4887,163,214,False,61012,61135,5101803,7993.78425,0.0334
2021-02-28,MT,Barra do Garças,city,4826,163,213,False,61012,61135,5101803,7894.00507,0.0338
2021-02-27,MT,Barra do Garças,city,4826,161,212,False,61012,61135,5101803,7894.00507,0.0334
2021-02-26,MT,Barra do Garças,city,4823,160,211,False,61012,61135,5101803,7889.09790,0.0332
2021-02-25,MT,Barra do Garças,city,4815,160,210,False,61012,61135,5101803,7876.01210,0.0332
2021-02-24,MT,Barra do Garças,city,4750,159,209,False,61012,61135,5101803,7769.69003,0.0335
2021-02-23,MT,Barra do Garças,city,4744,159,208,False,61012,61135,5101803,7759.87568,0.0335
2021-02-22,MT,Barra do Garças,city,4724,158,207,False,61012,61135,5101803,7727.16120,0.0334
2021-02-21,MT,Barra do Garças,city,4696,158,206,False,61012,61135,5101803,7681.36092,0.0336
2021-02-20,MT,Barra do Garças,city,4692,158,205,False,61012,61135,5101803,7674.81803,0.0337
2021-02-19,MT,Barra do Garças,city,4692,158,204,False,61012,61135,5101803,7674.81803,0.0337
2021-02-18,MT,Barra do Garças,city,4640,158,203,False,61012,61135,5101803,7589.76037,0.0341
2021-02-17,MT,Barra do Garças,city,4621,158,202,False,61012,61135,5101803,7558.68161,0.0342
2021-02-16,MT,Barra do Garças,city,4617,158,201,False,61012,61135,5101803,7552.13871,0.0342
2021-02-15,MT,Barra do Garças,city,4601,158,200,False,61012,61135,5101803,7525.96712,0.0343
2021-02-14,MT,Barra do Garças,city,4575,156,199,False,61012,61135,5101803,7483.43829,0.0341
2021-02-13,MT,Barra do Garças,city,4575,156,198,False,61012,61135,5101803,7483.43829,0.0341
2021-02-12,MT,Barra do Garças,city,4574,156,197,False,61012,61135,5101803,7481.80257,0.0341
2021-02-11,MT,Barra do Garças,city,4553,156,196,False,61012,61135,5101803,7447.45236,0.0343
2021-02-10,MT,Barra do Garças,city,4510,156,195,False,61012,61135,5101803,7377.11622,0.0346
2021-02-09,MT,Barra do Garças,city,4497,155,194,False,61012,61135,5101803,7355.85180,0.0345
2021-02-08,MT,Barra do Garças,city,4468,155,193,False,61012,61135,5101803,7308.41580,0.0347
2021-02-07,MT,Barra do Garças,city,4408,153,192,False,61012,61135,5101803,7210.27235,0.0347
2021-02-06,MT,Barra do Garças,city,4407,153,191,False,61012,61135,5101803,7208.63662,0.0347
2021-02-05,MT,Barra do Garças,city,4406,152,190,False,61012,61135,5101803,7207.00090,0.0345
2021-02-04,MT,Barra do Garças,city,4393,152,189,False,61012,61135,5101803,7185.73648,0.0346
2021-02-03,MT,Barra do Garças,city,4383,148,188,False,61012,61135,5101803,7169.37924,0.0338
2021-02-02,MT,Barra do Garças,city,4349,147,187,False,61012,61135,5101803,7113.76462,0.0338
2021-02-01,MT,Barra do Garças,city,4287,146,186,False,61012,61135,5101803,7012.34972,0.0341
2021-01-31,MT,Barra do Garças,city,4235,146,185,False,61012,61135,5101803,6927.29206,0.0345
2021-01-30,MT,Barra do Garças,city,4234,146,184,False,61012,61135,5101803,6925.65633,0.0345
2021-01-29,MT,Barra do Garças,city,4228,145,183,False,61012,61135,5101803,6915.84199,0.0343
2021-01-28,MT,Barra do Garças,city,4202,145,182,False,61012,61135,5101803,6873.31316,0.0345
2021-01-27,MT,Barra do Garças,city,4187,145,181,False,61012,61135,5101803,6848.77730,0.0346
2021-01-26,MT,Barra do Garças,city,4160,144,180,False,61012,61135,5101803,6804.61274,0.0346
2021-01-25,MT,Barra do Garças,city,4107,143,179,False,61012,61135,5101803,6717.91936,0.0348
2021-01-24,MT,Barra do Garças,city,4074,143,178,False,61012,61135,5101803,6663.94046,0.0351
2021-01-23,MT,Barra do Garças,city,4074,143,177,False,61012,61135,5101803,6663.94046,0.0351
2021-01-22,MT,Barra do Garças,city,4068,143,176,False,61012,61135,5101803,6654.12611,0.0352
2021-01-21,MT,Barra do Garças,city,4039,142,175,False,61012,61135,5101803,6606.69011,0.0352
2021-01-20,MT,Barra do Garças,city,4024,138,174,False,61012,61135,5101803,6582.15425,0.0343
2021-01-19,MT,Barra do Garças,city,3977,137,173,False,61012,61135,5101803,6505.27521,0.0344
2021-01-18,MT,Barra do Garças,city,3932,137,172,False,61012,61135,5101803,6431.66762,0.0348
2021-01-17,MT,Barra do Garças,city,3878,136,171,False,61012,61135,5101803,6343.33851,0.0351
2021-01-16,MT,Barra do Garças,city,3877,136,170,False,61012,61135,5101803,6341.70279,0.0351
2021-01-15,MT,Barra do Garças,city,3867,134,169,False,61012,61135,5101803,6325.34555,0.0347
2021-01-13,MT,Barra do Garças,city,3785,133,168,False,61012,61135,5101803,6191.21616,0.0351
2021-01-12,MT,Barra do Garças,city,3748,132,167,False,61012,61135,5101803,6130.69436,0.0352
2021-01-11,MT,Barra do Garças,city,3718,132,166,False,61012,61135,5101803,6081.62264,0.0355
2021-01-10,MT,Barra do Garças,city,3634,132,165,False,61012,61135,5101803,5944.22180,0.0363
2021-01-09,MT,Barra do Garças,city,3631,132,164,False,61012,61135,5101803,5939.31463,0.0364
2021-01-08,MT,Barra do Garças,city,3619,132,163,False,61012,61135,5101803,5919.68594,0.0365
2021-01-07,MT,Barra do Garças,city,3585,132,162,False,61012,61135,5101803,5864.07132,0.0368
2021-01-06,MT,Barra do Garças,city,3549,132,161,False,61012,61135,5101803,5805.18525,0.0372
2021-01-05,MT,Barra do Garças,city,3430,130,160,False,61012,61135,5101803,5610.53406,0.0379
2021-01-04,MT,Barra do Garças,city,3403,129,159,False,61012,61135,5101803,5566.36951,0.0379
2021-01-03,MT,Barra do Garças,city,3309,127,158,False,61012,61135,5101803,5412.61143,0.0384
2021-01-02,MT,Barra do Garças,city,3309,127,157,False,61012,61135,5101803,5412.61143,0.0384
2021-01-01,MT,Barra do Garças,city,3308,127,156,False,61012,61135,5101803,5410.97571,0.0384
2020-12-31,MT,Barra do Garças,city,3308,126,155,False,61012,61135,5101803,5410.97571,0.0381
2020-12-30,MT,Barra do Garças,city,3295,126,154,False,61012,61135,5101803,5389.71129,0.0382
2020-12-29,MT,Barra do Garças,city,3236,124,153,False,61012,61135,5101803,5293.20357,0.0383
2020-12-28,MT,Barra do Garças,city,3157,124,152,False,61012,61135,5101803,5163.98135,0.0393
2020-12-27,MT,Barra do Garças,city,3149,124,151,False,61012,61135,5101803,5150.89556,0.0394
2020-12-26,MT,Barra do Garças,city,3147,123,150,False,61012,61135,5101803,5147.62411,0.0391
2020-12-25,MT,Barra do Garças,city,3147,123,149,False,61012,61135,5101803,5147.62411,0.0391
2020-12-24,MT,Barra do Garças,city,3141,123,148,False,61012,61135,5101803,5137.80977,0.0392
2020-12-23,MT,Barra do Garças,city,3141,123,147,False,61012,61135,5101803,5137.80977,0.0392
2020-12-22,MT,Barra do Garças,city,3128,123,146,False,61012,61135,5101803,5116.54535,0.0393
2020-12-21,MT,Barra do Garças,city,3060,123,145,False,61012,61135,5101803,5005.31610,0.0402
2020-12-20,MT,Barra do Garças,city,3011,121,144,False,61012,61135,5101803,4925.16562,0.0402
2020-12-19,MT,Barra do Garças,city,3011,121,143,False,61012,61135,5101803,4925.16562,0.0402
2020-12-18,MT,Barra do Garças,city,3009,120,142,False,61012,61135,5101803,4921.89417,0.0399
2020-12-17,MT,Barra do Garças,city,2985,120,141,False,61012,61135,5101803,4882.63679,0.0402
2020-12-16,MT,Barra do Garças,city,2944,120,140,False,61012,61135,5101803,4815.57209,0.0408
2020-12-14,MT,Barra do Garças,city,2911,119,139,False,61012,61135,5101803,4761.59320,0.0409
2020-12-13,MT,Barra do Garças,city,2882,119,138,False,61012,61135,5101803,4714.15719,0.0413
2020-12-12,MT,Barra do Garças,city,2880,117,137,False,61012,61135,5101803,4710.88574,0.0406
2020-12-11,MT,Barra do Garças,city,2877,117,136,False,61012,61135,5101803,4705.97857,0.0407
2020-12-10,MT,Barra do Garças,city,2850,117,135,False,61012,61135,5101803,4661.81402,0.0411
2020-12-09,MT,Barra do Garças,city,2811,117,134,False,61012,61135,5101803,4598.02077,0.0416
2020-12-08,MT,Barra do Garças,city,2783,117,133,False,61012,61135,5101803,4552.22050,0.0420
2020-12-07,MT,Barra do Garças,city,2758,117,132,False,61012,61135,5101803,4511.32739,0.0424
2020-12-06,MT,Barra do Garças,city,2755,117,131,False,61012,61135,5101803,4506.42022,0.0425
2020-12-05,MT,Barra do Garças,city,2755,117,130,False,61012,61135,5101803,4506.42022,0.0425
2020-12-04,MT,Barra do Garças,city,2754,117,129,False,61012,61135,5101803,4504.78449,0.0425
2020-12-03,MT,Barra do Garças,city,2746,116,128,False,61012,61135,5101803,4491.69870,0.0422
2020-12-02,MT,Barra do Garças,city,2730,116,127,False,61012,61135,5101803,4465.52711,0.0425
2020-12-01,MT,Barra do Garças,city,2730,116,126,False,61012,61135,5101803,4465.52711,0.0425
2020-11-30,MT,Barra do Garças,city,2708,116,125,False,61012,61135,5101803,4429.54118,0.0428
2020-11-29,MT,Barra do Garças,city,2705,116,124,False,61012,61135,5101803,4424.63401,0.0429
2020-11-28,MT,Barra do Garças,city,2705,116,123,False,61012,61135,5101803,4424.63401,0.0429
2020-11-27,MT,Barra do Garças,city,2705,116,122,False,61012,61135,5101803,4424.63401,0.0429
2020-11-26,MT,Barra do Garças,city,2700,116,121,False,61012,61135,5101803,4416.45539,0.0430
2020-11-25,MT,Barra do Garças,city,2691,116,120,False,61012,61135,5101803,4401.73387,0.0431
2020-11-24,MT,Barra do Garças,city,2684,116,119,False,61012,61135,5101803,4390.28380,0.0432
2020-11-23,MT,Barra do Garças,city,2675,115,118,False,61012,61135,5101803,4375.56228,0.0430
2020-11-22,MT,Barra do Garças,city,2672,116,117,False,61012,61135,5101803,4370.65511,0.0434
2020-11-21,MT,Barra do Garças,city,2671,115,116,False,61012,61135,5101803,4369.01938,0.0431
2020-11-20,MT,Barra do Garças,city,2671,115,115,False,61012,61135,5101803,4369.01938,0.0431
2020-08-10,MT,Barra do Garças,city,1187,62,114,False,61012,61135,5101803,1941.60465,0.0522
2020-08-09,MT,Barra do Garças,city,1140,60,113,False,61012,61135,5101803,1864.72561,0.0526
2020-08-08,MT,Barra do Garças,city,1139,58,112,False,61012,61135,5101803,1863.08988,0.0509
2020-08-07,MT,Barra do Garças,city,1137,58,111,False,61012,61135,5101803,1859.81843,0.0510
2020-08-06,MT,Barra do Garças,city,1077,55,110,False,61012,61135,5101803,1761.67498,0.0511
2020-08-05,MT,Barra do Garças,city,1004,55,109,False,61012,61135,5101803,1642.26711,0.0548
2020-08-04,MT,Barra do Garças,city,911,54,108,False,61012,61135,5101803,1490.14476,0.0593
2020-08-03,MT,Barra do Garças,city,860,52,107,False,61012,61135,5101803,1406.72283,0.0605
2020-08-02,MT,Barra do Garças,city,811,51,106,False,61012,61135,5101803,1326.57234,0.0629
2020-08-01,MT,Barra do Garças,city,807,51,105,False,61012,61135,5101803,1320.02944,0.0632
2020-07-31,MT,Barra do Garças,city,806,48,104,False,61012,61135,5101803,1318.39372,0.0596
2020-07-30,MT,Barra do Garças,city,778,47,103,False,61012,61135,5101803,1272.59344,0.0604
2020-07-29,MT,Barra do Garças,city,750,46,102,False,61012,61135,5101803,1226.79316,0.0613
2020-07-28,MT,Barra do Garças,city,718,46,101,False,61012,61135,5101803,1174.44999,0.0641
2020-07-27,MT,Barra do Garças,city,680,46,100,False,61012,61135,5101803,1112.29247,0.0676
2020-07-26,MT,Barra do Garças,city,662,45,99,False,61012,61135,5101803,1082.84943,0.0680
2020-07-25,MT,Barra do Garças,city,657,45,98,False,61012,61135,5101803,1074.67081,0.0685
2020-07-24,MT,Barra do Garças,city,655,44,97,False,61012,61135,5101803,1071.39936,0.0672
2020-07-23,MT,Barra do Garças,city,631,43,96,False,61012,61135,5101803,1032.14198,0.0681
2020-07-22,MT,Barra do Garças,city,604,43,95,False,61012,61135,5101803,987.97743,0.0712
2020-07-21,MT,Barra do Garças,city,579,43,94,False,61012,61135,5101803,947.08432,0.0743
2020-07-20,MT,Barra do Garças,city,529,42,93,False,61012,61135,5101803,865.29811,0.0794
2020-07-19,MT,Barra do Garças,city,484,40,92,False,61012,61135,5101803,791.69052,0.0826
2020-07-18,MT,Barra do Garças,city,480,38,91,False,61012,61135,5101803,785.14762,0.0792
2020-07-17,MT,Barra do Garças,city,477,37,90,False,61012,61135,5101803,780.24045,0.0776
2020-07-16,MT,Barra do Garças,city,453,38,89,False,61012,61135,5101803,740.98307,0.0839
2020-07-15,MT,Barra do Garças,city,386,37,88,False,61012,61135,5101803,631.38955,0.0959
2020-07-14,MT,Barra do Garças,city,370,37,87,False,61012,61135,5101803,605.21796,0.1000
2020-07-12,MT,Barra do Garças,city,385,33,86,False,61012,61135,5101803,629.75382,0.0857
2020-07-11,MT,Barra do Garças,city,384,33,85,False,61012,61135,5101803,628.11810,0.0859
2020-07-10,MT,Barra do Garças,city,360,31,84,False,61012,61135,5101803,588.86072,0.0861
2020-07-09,MT,Barra do Garças,city,352,28,83,False,61012,61135,5101803,575.77492,0.0795
2020-07-08,MT,Barra do Garças,city,334,28,82,False,61012,61135,5101803,546.33189,0.0838
2020-07-07,MT,Barra do Garças,city,310,27,81,False,61012,61135,5101803,507.07451,0.0871
2020-07-06,MT,Barra do Garças,city,274,27,80,False,61012,61135,5101803,448.18844,0.0985
2020-07-05,MT,Barra do Garças,city,270,27,79,False,61012,61135,5101803,441.64554,0.1000
2020-07-04,MT,Barra do Garças,city,268,26,78,False,61012,61135,5101803,438.37409,0.0970
2020-07-03,MT,Barra do Garças,city,249,25,77,False,61012,61135,5101803,407.29533,0.1004
2020-07-02,MT,Barra do Garças,city,246,25,76,False,61012,61135,5101803,402.38816,0.1016
2020-07-01,MT,Barra do Garças,city,239,24,75,False,61012,61135,5101803,390.93809,0.1004
2020-06-30,MT,Barra do Garças,city,209,22,74,False,61012,61135,5101803,341.86636,0.1053
2020-06-29,MT,Barra do Garças,city,208,18,73,False,61012,61135,5101803,340.23064,0.0865
2020-06-28,MT,Barra do Garças,city,199,13,72,False,61012,61135,5101803,325.50912,0.0653
2020-06-27,MT,Barra do Garças,city,194,12,71,False,61012,61135,5101803,317.33050,0.0619
2020-06-26,MT,Barra do Garças,city,190,9,70,False,61012,61135,5101803,310.78760,0.0474
2020-06-25,MT,Barra do Garças,city,183,9,69,False,61012,61135,5101803,299.33753,0.0492
2020-06-24,MT,Barra do Garças,city,172,9,68,False,61012,61135,5101803,281.34457,0.0523
2020-06-23,MT,Barra do Garças,city,167,9,67,False,61012,61135,5101803,273.16594,0.0539
2020-06-22,MT,Barra do Garças,city,150,9,66,False,61012,61135,5101803,245.35863,0.0600
2020-06-21,MT,Barra do Garças,city,149,9,65,False,61012,61135,5101803,243.72291,0.0604
2020-06-20,MT,Barra do Garças,city,146,9,64,False,61012,61135,5101803,238.81574,0.0616
2020-06-19,MT,Barra do Garças,city,140,9,63,False,61012,61135,5101803,229.00139,0.0643
2020-06-18,MT,Barra do Garças,city,133,8,62,False,61012,61135,5101803,217.55132,0.0602
2020-06-17,MT,Barra do Garças,city,130,7,61,False,61012,61135,5101803,212.64415,0.0538
2020-06-16,MT,Barra do Garças,city,122,7,60,False,61012,61135,5101803,199.55835,0.0574
2020-06-15,MT,Barra do Garças,city,116,7,59,False,61012,61135,5101803,189.74401,0.0603
2020-06-14,MT,Barra do Garças,city,110,7,58,False,61012,61135,5101803,179.92966,0.0636
2020-06-13,MT,Barra do Garças,city,106,7,57,False,61012,61135,5101803,173.38677,0.0660
2020-06-12,MT,Barra do Garças,city,99,7,56,False,61012,61135,5101803,161.93670,0.0707
2020-06-11,MT,Barra do Garças,city,99,7,55,False,61012,61135,5101803,161.93670,0.0707
2020-06-10,MT,Barra do Garças,city,99,7,54,False,61012,61135,5101803,161.93670,0.0707
2020-06-09,MT,Barra do Garças,city,95,6,53,False,61012,61135,5101803,155.39380,0.0632
2020-06-08,MT,Barra do Garças,city,93,5,52,False,61012,61135,5101803,152.12235,0.0538
2020-06-07,MT,Barra do Garças,city,92,5,51,False,61012,61135,5101803,150.48663,0.0543
2020-06-06,MT,Barra do Garças,city,93,5,50,False,61012,61135,5101803,152.12235,0.0538
2020-06-05,MT,Barra do Garças,city,91,5,49,False,61012,61135,5101803,148.85090,0.0549
2020-06-04,MT,Barra do Garças,city,87,5,48,False,61012,61135,5101803,142.30801,0.0575
2020-06-03,MT,Barra do Garças,city,82,5,47,False,61012,61135,5101803,134.12939,0.0610
2020-06-02,MT,Barra do Garças,city,77,5,46,False,61012,61135,5101803,125.95076,0.0649
2020-06-01,MT,Barra do Garças,city,73,5,45,False,61012,61135,5101803,119.40787,0.0685
2020-05-31,MT,Barra do Garças,city,72,4,44,False,61012,61135,5101803,117.77214,0.0556
2020-05-30,MT,Barra do Garças,city,73,4,43,False,61012,61135,5101803,119.40787,0.0548
2020-05-29,MT,Barra do Garças,city,72,3,42,False,61012,61135,5101803,117.77214,0.0417
2020-05-28,MT,Barra do Garças,city,70,3,41,False,61012,61135,5101803,114.50070,0.0429
2020-05-27,MT,Barra do Garças,city,67,3,40,False,61012,61135,5101803,109.59352,0.0448
2020-05-26,MT,Barra do Garças,city,67,3,39,False,61012,61135,5101803,109.59352,0.0448
2020-05-25,MT,Barra do Garças,city,66,3,38,False,61012,61135,5101803,107.95780,0.0455
2020-05-24,MT,Barra do Garças,city,65,3,37,False,61012,61135,5101803,106.32207,0.0462
2020-05-23,MT,Barra do Garças,city,62,3,36,False,61012,61135,5101803,101.41490,0.0484
2020-05-22,MT,Barra do Garças,city,61,3,35,False,61012,61135,5101803,99.77918,0.0492
2020-05-21,MT,Barra do Garças,city,61,3,34,False,61012,61135,5101803,99.77918,0.0492
2020-05-20,MT,Barra do Garças,city,61,3,33,False,61012,61135,5101803,99.77918,0.0492
2020-05-19,MT,Barra do Garças,city,60,3,32,False,61012,61135,5101803,98.14345,0.0500
2020-05-18,MT,Barra do Garças,city,55,3,31,False,61012,61135,5101803,89.96483,0.0545
2020-05-17,MT,Barra do Garças,city,53,3,30,False,61012,61135,5101803,86.69338,0.0566
2020-05-16,MT,Barra do Garças,city,52,3,29,False,61012,61135,5101803,85.05766,0.0577
2020-05-15,MT,Barra do Garças,city,45,3,28,False,61012,61135,5101803,73.60759,0.0667
2020-05-14,MT,Barra do Garças,city,45,3,27,False,61012,61135,5101803,73.60759,0.0667
2020-05-13,MT,Barra do Garças,city,37,3,26,False,61012,61135,5101803,60.52180,0.0811
2020-05-12,MT,Barra do Garças,city,27,3,25,False,61012,61135,5101803,44.16455,0.1111
2020-05-11,MT,Barra do Garças,city,27,3,24,False,61012,61135,5101803,44.16455,0.1111
2020-05-10,MT,Barra do Garças,city,24,2,23,False,61012,61135,5101803,39.25738,0.0833
2020-05-09,MT,Barra do Garças,city,17,1,22,False,61012,61135,5101803,27.80731,0.0588
2020-05-08,MT,Barra do Garças,city,16,1,21,False,61012,61135,5101803,26.17159,0.0625
2020-05-07,MT,Barra do Garças,city,13,1,20,False,61012,61135,5101803,21.26441,0.0769
2020-05-06,MT,Barra do Garças,city,4,1,19,False,61012,61135,5101803,6.54290,0.2500
2020-05-05,MT,Barra do Garças,city,4,1,18,False,61012,61135,5101803,6.54290,0.2500
2020-05-04,MT,Barra do Garças,city,4,1,17,False,61012,61135,5101803,6.54290,0.2500
2020-05-03,MT,Barra do Garças,city,4,1,16,False,61012,61135,5101803,6.54290,0.2500
2020-05-02,MT,Barra do Garças,city,4,1,15,False,61012,61135,5101803,6.54290,0.2500
2020-05-01,MT,Barra do Garças,city,4,1,14,False,61012,61135,5101803,6.54290,0.2500
2020-04-30,MT,Barra do Garças,city,3,1,13,False,61012,61135,5101803,4.90717,0.3333
2020-04-29,MT,Barra do Garças,city,3,1,12,False,61012,61135,5101803,4.90717,0.3333
2020-04-28,MT,Barra do Garças,city,3,1,11,False,61012,61135,5101803,4.90717,0.3333
2020-04-27,MT,Barra do Garças,city,3,1,10,False,61012,61135,5101803,4.90717,0.3333
2020-04-26,MT,Barra do Garças,city,3,1,9,False,61012,61135,5101803,4.90717,0.3333
2020-04-25,MT,Barra do Garças,city,3,1,8,False,61012,61135,5101803,4.90717,0.3333
2020-04-24,MT,Barra do Garças,city,3,1,7,False,61012,61135,5101803,4.90717,0.3333
2020-04-23,MT,Barra do Garças,city,3,1,6,False,61012,61135,5101803,4.90717,0.3333
2020-04-22,MT,Barra do Garças,city,3,1,5,False,61012,61135,5101803,4.90717,0.3333
2020-04-21,MT,Barra do Garças,city,3,1,4,False,61012,61135,5101803,4.90717,0.3333
2020-04-20,MT,Barra do Garças,city,3,1,3,False,61012,61135,5101803,4.90717,0.3333
2020-04-19,MT,Barra do Garças,city,1,0,2,False,61012,61135,5101803,1.63572,0.0000
2020-04-18,MT,Barra do Garças,city,1,0,1,False,61012,61135,5101803,1.63572,0.0000
